{
    "bucketName": "tiktok23f096015e564dd1964361d5c47fb832",
    "authPolicyName": "s3_amplify_61c09e91",
    "unauthPolicyName": "s3_amplify_61c09e91",
    "authRoleName": {
        "Ref": "AuthRoleName"
    },
    "unauthRoleName": {
        "Ref": "UnauthRoleName"
    },
    "selectedGuestPermissions": [
        "s3:GetObject",
        "s3:ListBucket"
    ],
    "selectedAuthenticatedPermissions": [
        "s3:PutObject",
        "s3:GetObject",
        "s3:ListBucket",
        "s3:DeleteObject"
    ],
    "s3PermissionsAuthenticatedPublic": "s3:PutObject,s3:GetObject,s3:DeleteObject",
    "s3PublicPolicy": "Public_policy_712cb415",
    "s3PermissionsAuthenticatedUploads": "s3:PutObject",
    "s3UploadsPolicy": "Uploads_policy_712cb415",
    "s3PermissionsAuthenticatedProtected": "s3:PutObject,s3:GetObject,s3:DeleteObject",
    "s3ProtectedPolicy": "Protected_policy_ed21fef0",
    "s3PermissionsAuthenticatedPrivate": "s3:PutObject,s3:GetObject,s3:DeleteObject",
    "s3PrivatePolicy": "Private_policy_ed21fef0",
    "AuthenticatedAllowList": "ALLOW",
    "s3ReadPolicy": "read_policy_712cb415",
    "s3PermissionsGuestPublic": "s3:GetObject",
    "s3PermissionsGuestUploads": "DISALLOW",
    "GuestAllowList": "ALLOW",
    "triggerFunction": "NONE"
}