{
	"auth": {
		"instagramclonee9ad3f24": {
			"service": "Cognito",
			"providerPlugin": "awscloudformation",
			"dependsOn": [],
			"customAuth": false
		}
	},
	"api": {
		"instagramclone": {
			"service": "AppSync",
			"providerPlugin": "awscloudformation",
			"output": {
				"authConfig": {
					"defaultAuthentication": {
						"authenticationType": "API_KEY",
						"apiKeyConfig": {
							"apiKeyExpirationDays": 7,
							"description": "Instagram clone"
						}
					},
					"additionalAuthenticationProviders": []
				}
			}
		}
	}
}