[
    {
        "name": "Jammu And Kashmir",
        "code": 1
    },
    {
        "name": "Himachal Pradesh",
        "code": 2
    },
    {
        "name": "Punjab",
        "code": 3
    },
    {
        "name": "Chandigarh",
        "code": 4
    },
    {
        "name": "Uttarakhand",
        "code": 5
    },
    {
        "name": "Haryana",
        "code": 6
    },
    {
        "name": "Delhi",
        "code": 7
    },
    {
        "name": "Rajasthan",
        "code": 8
    },
    {
        "name": "Uttar Pradesh",
        "code": 9
    },
    {
        "name": "Bihar",
        "code": 10
    },
    {
        "name": "Sikkim",
        "code": 11
    },
    {
        "name": "Arunachal Pradesh",
        "code": 12
    },
    {
        "name": "Nagaland",
        "code": 13
    },
    {
        "name": "Manipur",
        "code": 14
    },
    {
        "name": "Mizoram",
        "code": 15
    },
    {
        "name": "Tripura",
        "code": 16
    },
    {
        "name": "Meghalaya",
        "code": 17
    },
    {
        "name": "Assam",
        "code": 18
    },
    {
        "name": "West Bengal",
        "code": 19
    },
    {
        "name": "Jharkhand",
        "code": 20
    },
    {
        "name": "Odisha",
        "code": 21
    },
    {
        "name": "Chhattisgarh",
        "code": 22
    },
    {
        "name": "Madhya Pradesh",
        "code": 23
    },
    {
        "name": "Gujarat",
        "code": 24
    },
    {
        "name": "Dadra, Daman & Diu",
        "code": 26
    },
    {
        "name": "Maharashtra",
        "code": 27
    },
    {
        "name": "Andhra Pradesh",
        "code": 37
    },
    {
        "name": "Karnataka",
        "code": 29
    },
    {
        "name": "Goa",
        "code": 30
    },
    {
        "name": "Lakshadweep",
        "code": 31
    },
    {
        "name": "Kerala",
        "code": 32
    },
    {
        "name": "Tamil Nadu",
        "code": 33
    },
    {
        "name": "Puducherry",
        "code": 34
    },
    {
        "name": "Andaman And Nicobar Islands",
        "code": 35
    },
    {
        "name": "Telangana",
        "code": 36
    },
    {
        "name": "Ladakh",
        "code": 38
    }
]