{
  "staging": {
    "awscloudformation": {
      "AuthRoleName": "amplify-youtubeclone-staging-142749-authRole",
      "UnauthRoleArn": "arn:aws:iam::704219588443:role/amplify-youtubeclone-staging-142749-unauthRole",
      "AuthRoleArn": "arn:aws:iam::704219588443:role/amplify-youtubeclone-staging-142749-authRole",
      "Region": "eu-west-1",
      "DeploymentBucketName": "amplify-youtubeclone-staging-142749-deployment",
      "UnauthRoleName": "amplify-youtubeclone-staging-142749-unauthRole",
      "StackName": "amplify-youtubeclone-staging-142749",
      "StackId": "arn:aws:cloudformation:eu-west-1:704219588443:stack/amplify-youtubeclone-staging-142749/330bead0-cac1-11eb-8a53-02f1248090e1",
      "AmplifyAppId": "d31f54b0flnyf8",
      "AuthTriggerTemplateURL": ""
    },
    "categories": {
      "auth": {
        "YoutubeClone": {}
      }
    }
  }
}