{
	"auth": {
		"twitterclone195a72b2": {
			"service": "Cognito",
			"providerPlugin": "awscloudformation",
			"dependsOn": [],
			"customAuth": false
		}
	},
	"api": {
		"twitterclone": {
			"service": "AppSync",
			"providerPlugin": "awscloudformation",
			"output": {
				"authConfig": {
					"defaultAuthentication": {
						"authenticationType": "API_KEY",
						"apiKeyConfig": {
							"apiKeyExpirationDays": 7,
							"description": "Better Twitter"
						}
					},
					"additionalAuthenticationProviders": []
				}
			}
		}
	},
	"storage": {
		"TwitterClone": {
			"service": "S3",
			"providerPlugin": "awscloudformation"
		}
	}
}