{
	"api": {
		"tiktok": {
			"service": "AppSync",
			"providerPlugin": "awscloudformation",
			"output": {
				"authConfig": {
					"defaultAuthentication": {
						"authenticationType": "API_KEY",
						"apiKeyConfig": {
							"apiKeyExpirationDays": 365,
							"description": ""
						}
					},
					"additionalAuthenticationProviders": []
				}
			}
		}
	},
	"auth": {
		"tiktoke6667396": {
			"service": "Cognito",
			"providerPlugin": "awscloudformation",
			"dependsOn": [],
			"customAuth": false
		}
	},
	"storage": {
		"tiktokclone": {
			"service": "S3",
			"providerPlugin": "awscloudformation"
		}
	}
}