{
    "bucketName": "twitter-clone-vadim-savin",
    "authPolicyName": "s3_amplify_bf122d09",
    "unauthPolicyName": "s3_amplify_bf122d09",
    "authRoleName": {
        "Ref": "AuthRoleName"
    },
    "unauthRoleName": {
        "Ref": "UnauthRoleName"
    },
    "selectedGuestPermissions": [
        "s3:GetObject",
        "s3:ListBucket"
    ],
    "selectedAuthenticatedPermissions": [
        "s3:PutObject",
        "s3:GetObject",
        "s3:ListBucket"
    ],
    "s3PermissionsAuthenticatedPublic": "s3:PutObject,s3:GetObject",
    "s3PublicPolicy": "Public_policy_214156b4",
    "s3PermissionsAuthenticatedUploads": "s3:PutObject",
    "s3UploadsPolicy": "Uploads_policy_214156b4",
    "s3PermissionsAuthenticatedProtected": "s3:PutObject,s3:GetObject",
    "s3ProtectedPolicy": "Protected_policy_214156b4",
    "s3PermissionsAuthenticatedPrivate": "s3:PutObject,s3:GetObject",
    "s3PrivatePolicy": "Private_policy_214156b4",
    "AuthenticatedAllowList": "ALLOW",
    "s3ReadPolicy": "read_policy_214156b4",
    "s3PermissionsGuestPublic": "DISALLOW",
    "s3PermissionsGuestUploads": "DISALLOW",
    "GuestAllowList": "DISALLOW",
    "triggerFunction": "NONE"
}