{
  "auth": {
    "amazonclone85a249f8": {
      "service": "Cognito",
      "providerPlugin": "awscloudformation",
      "dependsOn": [],
      "customAuth": false
    }
  },
  "api": {
    "amazonclone": {
      "service": "AppSync",
      "providerPlugin": "awscloudformation",
      "output": {
        "authConfig": {
          "defaultAuthentication": {
            "authenticationType": "API_KEY",
            "apiKeyConfig": {
              "apiKeyExpirationDays": 365,
              "description": "api key amazon"
            }
          },
          "additionalAuthenticationProviders": []
        }
      }
    },
    "StripeWebhook": {
      "service": "API Gateway",
      "providerPlugin": "awscloudformation",
      "dependsOn": [
        {
          "category": "function",
          "resourceName": "StripeWebhook",
          "attributes": [
            "Name",
            "Arn"
          ]
        }
      ]
    }
  },
  "function": {
    "CreatePaymentIntent": {
      "build": true,
      "providerPlugin": "awscloudformation",
      "service": "Lambda"
    },
    "StripeWebhook": {
      "build": true,
      "providerPlugin": "awscloudformation",
      "service": "Lambda"
    }
  }
}