{
    "bucketName": "netflix49b040bd779644519ba8d91c478e9c9a",
    "authPolicyName": "s3_amplify_36a03f8a",
    "unauthPolicyName": "s3_amplify_36a03f8a",
    "authRoleName": {
        "Ref": "AuthRoleName"
    },
    "unauthRoleName": {
        "Ref": "UnauthRoleName"
    },
    "selectedGuestPermissions": [
        "s3:GetObject",
        "s3:ListBucket"
    ],
    "selectedAuthenticatedPermissions": [
        "s3:GetObject",
        "s3:ListBucket"
    ],
    "s3PermissionsAuthenticatedPublic": "s3:GetObject",
    "s3PublicPolicy": "Public_policy_b6db8f9f",
    "s3PermissionsAuthenticatedUploads": "DISALLOW",
    "s3UploadsPolicy": "Uploads_policy_b6db8f9f",
    "s3PermissionsAuthenticatedProtected": "s3:GetObject",
    "s3ProtectedPolicy": "Protected_policy_b6db8f9f",
    "s3PermissionsAuthenticatedPrivate": "s3:GetObject",
    "s3PrivatePolicy": "Private_policy_b6db8f9f",
    "AuthenticatedAllowList": "ALLOW",
    "s3ReadPolicy": "read_policy_b6db8f9f",
    "s3PermissionsGuestPublic": "DISALLOW",
    "s3PermissionsGuestUploads": "DISALLOW",
    "GuestAllowList": "DISALLOW",
    "triggerFunction": "NONE"
}